index,x,y,status_at_move,first_live_ms,final_status,target_hp,border_score,saved
0,725,465,Hovered,35,Hovered,,0.98,000_725_465_Hovered.png
1,875,465,Hovered,13,Hovered,,0.98,001_875_465_Hovered.png
2,762,400,Hovered,13,Hovered,,0.98,002_762_400_Hovered.png
3,838,400,Hovered,13,Hovered,,0.98,003_838_400_Hovered.png
4,762,530,Hovered,14,Hovered,,0.98,004_762_530_Hovered.png
5,838,530,Hovered,15,Hovered,,0.98,005_838_530_Hovered.png
6,688,400,Hovered,15,Hovered,,0.98,006_688_400_Hovered.png
7,912,400,Hovered,15,Hovered,,0.98,007_912_400_Hovered.png
8,688,530,Hovered,13,Hovered,,0.98,008_688_530_Hovered.png
9,912,530,Hovered,13,Hovered,,0.98,009_912_530_Hovered.png
10,650,465,Hovered,14,Hovered,,0.98,010_650_465_Hovered.png
11,950,465,Hovered,13,Hovered,,0.98,011_950_465_Hovered.png
12,800,335,Hovered,15,Hovered,,0.98,012_800_335_Hovered.png
13,800,595,Hovered,13,Hovered,,0.98,013_800_595_Hovered.png
14,725,335,Hovered,15,Hovered,,0.98,014_725_335_Hovered.png
15,875,335,Hovered,14,Hovered,,0.98,015_875_335_Hovered.png
16,725,595,Hovered,15,Hovered,,0.98,016_725_595_Hovered.png
17,875,595,Hovered,15,Hovered,,0.98,017_875_595_Hovered.png
18,612,400,Hovered,15,Hovered,,0.98,018_612_400_Hovered.png
19,988,400,Hovered,13,Hovered,,0.98,019_988_400_Hovered.png
20,612,530,Hovered,15,Hovered,,0.98,020_612_530_Hovered.png
21,988,530,Hovered,17,Hovered,,0.98,021_988_530_Hovered.png
22,575,465,Hovered,15,Hovered,,0.98,022_575_465_Hovered.png
23,1025,465,Hovered,14,Hovered,,0.98,023_1025_465_Hovered.png
24,650,335,Hovered,16,Hovered,,0.98,024_650_335_Hovered.png
25,950,335,Hovered,17,Hovered,,0.98,025_950_335_Hovered.png
26,650,595,Hovered,13,Hovered,,0.98,026_650_595_Hovered.png
27,950,595,Hovered,22,Hovered,,0.98,027_950_595_Hovered.png
28,538,400,Hovered,14,Hovered,,0.98,028_538_400_Hovered.png
29,1062,400,Hovered,16,Hovered,,0.98,029_1062_400_Hovered.png
30,538,530,Hovered,15,Hovered,,0.98,030_538_530_Hovered.png
31,1062,530,Hovered,15,Hovered,,0.98,031_1062_530_Hovered.png
32,762,270,Hovered,15,Hovered,,0.98,032_762_270_Hovered.png
33,838,270,Hovered,14,Hovered,,0.98,033_838_270_Hovered.png
34,762,660,Hovered,14,Hovered,,0.98,034_762_660_Hovered.png
35,838,660,Hovered,14,Hovered,,0.98,035_838_660_Hovered.png
36,575,335,Hovered,15,Hovered,,0.98,036_575_335_Hovered.png
37,1025,335,Hovered,16,Hovered,,0.98,037_1025_335_Hovered.png
38,575,595,Hovered,17,Hovered,,0.98,038_575_595_Hovered.png
39,1025,595,Hovered,16,Hovered,,0.98,039_1025_595_Hovered.png
40,500,465,Hovered,20,Hovered,,0.98,040_500_465_Hovered.png
41,1100,465,Hovered,13,Hovered,,0.98,041_1100_465_Hovered.png
42,688,270,Hovered,14,Hovered,,0.98,042_688_270_Hovered.png
43,912,270,Hovered,14,Hovered,,0.98,043_912_270_Hovered.png
44,688,660,Hovered,15,Hovered,,0.98,044_688_660_Hovered.png
45,912,660,Hovered,15,Hovered,,0.98,045_912_660_Hovered.png
46,612,270,Hovered,13,Hovered,,0.98,046_612_270_Hovered.png
47,988,270,Hovered,16,Hovered,,0.98,047_988_270_Hovered.png
48,612,660,Hovered,16,Hovered,,0.98,048_612_660_Hovered.png
49,988,660,Hovered,22,Hovered,,0.98,049_988_660_Hovered.png
50,462,400,Hovered,15,Hovered,,0.98,050_462_400_Hovered.png
51,1138,400,Hovered,13,Hovered,,0.98,051_1138_400_Hovered.png
52,462,530,Hovered,14,Hovered,,0.98,052_462_530_Hovered.png
53,1138,530,Hovered,16,Hovered,,0.98,053_1138_530_Hovered.png
54,500,335,Hovered,18,Hovered,,0.98,054_500_335_Hovered.png
55,1100,335,Hovered,17,Hovered,,0.98,055_1100_335_Hovered.png
56,500,595,Hovered,16,Hovered,,0.98,056_500_595_Hovered.png
57,1100,595,Hovered,15,Hovered,,0.98,057_1100_595_Hovered.png
58,425,465,Hovered,15,Hovered,,0.98,058_425_465_Hovered.png
59,1175,465,Hovered,15,Hovered,,0.98,059_1175_465_Hovered.png
60,800,205,Hovered,15,Hovered,,0.98,060_800_205_Hovered.png
61,800,725,Hovered,14,Hovered,,0.98,061_800_725_Hovered.png
62,538,270,Hovered,14,Hovered,,0.98,062_538_270_Hovered.png
63,1062,270,Hovered,17,Hovered,,0.98,063_1062_270_Hovered.png
64,538,660,Hovered,18,Hovered,,0.98,064_538_660_Hovered.png
65,1062,660,Hovered,15,Hovered,,0.98,065_1062_660_Hovered.png
66,725,205,Hovered,22,Hovered,,0.98,066_725_205_Hovered.png
67,875,205,Hovered,15,Hovered,,0.98,067_875_205_Hovered.png
68,725,725,Hovered,16,Hovered,,0.98,068_725_725_Hovered.png
69,875,725,Hovered,18,Hovered,,0.98,069_875_725_Hovered.png
70,650,205,Hovered,16,Hovered,,0.98,070_650_205_Hovered.png
71,950,205,Hovered,14,Hovered,,0.98,071_950_205_Hovered.png
72,650,725,Hovered,15,Hovered,,0.98,072_650_725_Hovered.png
73,950,725,Hovered,15,Hovered,,0.98,073_950_725_Hovered.png
74,425,335,Hovered,16,Hovered,,0.98,074_425_335_Hovered.png
75,1175,335,Hovered,17,Hovered,,0.98,075_1175_335_Hovered.png
76,425,595,Hovered,22,Hovered,,0.98,076_425_595_Hovered.png
77,1175,595,Hovered,15,Hovered,,0.98,077_1175_595_Hovered.png
78,388,400,Hovered,15,Hovered,,0.98,078_388_400_Hovered.png
79,1212,400,Hovered,16,Hovered,,0.98,079_1212_400_Hovered.png
80,388,530,Hovered,17,Hovered,,0.98,080_388_530_Hovered.png
81,1212,530,Hovered,17,Hovered,,0.98,081_1212_530_Hovered.png
82,462,270,Hovered,14,Hovered,,0.98,082_462_270_Hovered.png
83,1138,270,Hovered,24,Hovered,,0.98,083_1138_270_Hovered.png
84,462,660,Hovered,14,Hovered,,0.98,084_462_660_Hovered.png
85,1138,660,Hovered,13,Hovered,,0.98,085_1138_660_Hovered.png
86,350,465,Hovered,12,Hovered,,0.98,086_350_465_Hovered.png
87,1250,465,Hovered,14,Hovered,,0.98,087_1250_465_Hovered.png
